,date,meanCumstatpoints,cumStatpoints
date,2015-10-07,0.359375,0.16696175637393768
date,2015-10-08,0.34080717488789236,0.32529710108106047
date,2015-10-09,0.5126582278481012,0.46937857273451905
date,2015-10-10,0.7602663706992231,0.6704771317797097
date,2015-10-11,1.4,0.7633949788052055
date,2015-10-12,0.9903846153846154,0.9346378058553978
date,2015-10-13,1.1972318339100345,1.0937877514527004
date,2015-10-14,1.4404761904761905,1.3389876255477584
date,2015-10-15,1.73767258382643,1.520424841633046
date,2015-10-16,1.5403587443946187,1.7048021838248928
date,2015-10-17,1.971608832807571,1.8630849516285763
date,2015-10-18,1.8012820512820513,1.9971010771461182
date,2015-10-19,2.378787878787879,2.137885693851415
date,2015-10-20,2.304740406320542,2.3046344260980716
date,2015-10-21,2.1115384615384616,2.472601303413391
date,2015-10-22,2.4194831013916502,2.6453213570293714
date,2015-10-23,2.813698630136986,2.87570670376382
date,2015-10-24,2.8231382978723403,3.0604303491137084
date,2015-10-25,2.9842931937172774,3.2793467426292744
date,2015-10-26,2.739795918367347,3.4049754643729293
date,2015-10-27,3.329073482428115,3.5853192089990915
date,2015-10-28,3.0677966101694913,3.7716798626377974
date,2015-10-29,3.356573705179283,3.9401165972856087
date,2015-10-30,3.8409475465313028,4.147648844449153
date,2015-10-31,3.9073482428115014,4.344320006284267
date,2015-11-01,4.377926421404682,4.5665148578669745
date,2015-11-02,3.6600985221674875,4.7061204900973985
date,2015-11-03,4.5776614310645725,4.885307612197177
date,2015-11-04,3.8646616541353382,5.093150164754207
date,2015-11-05,5.010791366906475,5.25024148886206
date,2015-11-06,4.311881188118812,5.387088318020896
date,2015-11-07,4.917941585535466,5.512443410670035
date,2015-11-08,5.3112033195020745,5.685941465281957
date,2015-11-09,4.731343283582089,5.921703166689931
date,2015-11-10,5.371727748691099,6.108390202271261
date,2015-11-11,5.587786259541985,6.289260820526997
date,2015-11-12,5.786821705426356,6.478337834823065
date,2015-11-13,5.1125,6.639008278637984
date,2015-11-14,6.115065243179123,6.832449348068287
date,2015-11-15,6.276595744680851,7.033441854045422
date,2015-11-16,6.560526315789474,7.231503580599768
date,2015-11-17,6.1607843137254905,7.431914623203778
date,2015-11-18,6.569832402234637,7.60581115255317
date,2015-11-19,6.815745393634841,7.732658799665027
date,2015-11-20,6.881081081081081,7.882080742854676
date,2015-11-21,7.115007012622721,8.082772866864863
date,2015-11-22,7.19921875,8.282401053833702
date,2015-11-23,7.254901960784314,8.408923176689768
date,2015-11-24,7.67741935483871,8.663697918533869
date,2015-11-25,7.6767922235722965,8.845469162411206
date,2015-11-27,7.9572538860103625,9.00133523999931
date,2015-11-28,8.2925877763329,9.184996003950875
date,2015-11-29,8.031746031746032,9.310361353112256
date,2015-11-30,8.344444444444445,9.472107234971453
date,2015-12-01,8.767145135566189,9.628452256681019
date,2015-12-02,8.46360153256705,9.783315335056844
date,2015-12-03,9.526717557251908,9.924288022814991
date,2015-12-04,8.621559633027523,10.079861482284286
date,2015-12-05,8.96,10.248600292482585
date,2015-12-06,9.091503267973856,10.442938273189505
date,2015-12-07,10.005524861878452,10.632880833407368
date,2015-12-08,9.546112115732369,10.835351006401442
date,2015-12-09,9.658088235294118,10.975410996403108
date,2015-12-10,9.985294117647058,11.174683339901414
date,2015-12-11,9.777777777777779,11.369810818654955
date,2015-12-12,10.752791068580542,11.53356555703322
date,2015-12-13,10.555555555555555,11.665199173652674
date,2015-12-14,9.929936305732484,11.817596279442897
date,2015-12-15,10.76017441860465,12.011400219096366
date,2015-12-16,10.838461538461539,12.132908172898938
date,2015-12-17,10.854077253218884,12.317015781096808
date,2015-12-18,11.151436031331592,12.503821896526656
date,2015-12-19,11.115625,12.647554191144218
date,2015-12-20,11.68157894736842,12.848061124199237
date,2015-12-21,11.647524752475247,13.089095539255473
date,2015-12-22,12.0,13.223486826555177
date,2015-12-26,12.256183745583039,13.421306624551153
date,2015-12-27,11.943781942078365,13.550315219654696
date,2015-12-28,12.983695652173912,13.718223829089355
date,2015-12-29,12.68131868131868,13.948695098006597
date,2015-12-30,12.496969696969696,14.089479714711894
date,2015-12-31,12.807622504537205,14.25811464579265
date,2016-01-01,11.76865671641791,14.421067586471692
date,2016-01-02,13.288359788359788,14.590679529454738
date,2016-01-03,14.274590163934427,14.754428194294752
date,2016-01-04,13.08,14.864500105386492
date,2016-01-05,13.968190854870775,15.051074708757767
date,2016-01-06,12.867469879518072,15.200806781524754
date,2016-01-07,14.742459396751741,15.324769106442758
date,2016-01-08,12.76657824933687,15.514548263497485
date,2016-01-09,14.266666666666667,15.670886228334034
date,2016-01-10,14.08991825613079,15.841784175860488
date,2016-01-11,14.058823529411764,16.01486643992759
date,2016-01-12,14.19755600814664,16.206000911405695
date,2016-01-13,13.332089552238806,16.35855260055203
date,2016-01-14,15.262729124236252,16.499537928523505
date,2016-01-15,13.971722365038561,16.669130914097035
date,2016-01-16,15.273716951788492,16.8165278098451
date,2016-01-17,14.844444444444445,16.960034262473364
date,2016-01-18,15.063636363636364,17.127567956352667
date,2016-01-19,15.173828125,17.334455350120372
date,2016-01-20,14.5625,17.45786186570111
date,2016-01-21,15.408874801901744,17.62425991187989
date,2016-01-22,15.938837920489297,17.742183173395425
date,2016-01-23,15.7211093990755,17.92472593912348
date,2016-01-24,16.65461847389558,18.057199174842562
date,2016-01-25,16.77237851662404,18.24137137802609
date,2016-01-26,16.005102040816325,18.40097516288281
date,2016-01-27,16.16796875,18.529826083562696
date,2016-02-02,17.155352480417754,18.740286220102167
date,2016-02-03,16.614583333333332,18.914507183274974
date,2016-02-04,17.62236842105263,19.128462752083678
date,2016-02-05,16.607003891050585,19.330929656108104
date,2016-02-06,17.535714285714285,19.51713407177428
date,2016-02-07,18.041450777202073,19.666380354561344
date,2016-02-08,16.77777777777778,19.802315723357903
date,2016-02-09,17.222368421052632,20.00221135478775
date,2016-02-10,17.66346153846154,20.107190653109825
date,2016-02-11,17.830985915492956,20.327216188759987
date,2016-02-12,18.40958605664488,20.528639408346844
date,2016-02-13,18.33177570093458,20.692186397659636
date,2016-02-14,18.30503144654088,20.84266655872294
date,2016-02-15,18.304250559284117,21.05261516162171
date,2016-02-16,18.842741935483872,21.199672641289077
date,2016-02-17,20.166666666666668,21.43196725885282
date,2016-02-18,19.4950213371266,21.628905512150098
date,2016-02-19,18.25974025974026,21.787288205943558
date,2016-02-20,19.11111111111111,21.997805203110698
date,2016-02-21,19.002604166666668,22.187754447681044
date,2016-02-22,21.00414937759336,22.390168844728287
date,2016-02-23,19.67361111111111,22.535352980705625
date,2016-02-24,20.60408163265306,22.696537001055976
date,2016-02-25,19.422776911076443,22.872660533249388
date,2016-02-26,19.881789137380192,22.992889696333496
date,2016-02-27,19.606896551724137,23.203556883986124
date,2016-02-28,20.324263038548754,23.35631298170378
date,2016-02-29,19.76578947368421,23.51280619774672
date,2016-03-01,19.75741710296684,23.689560915474104
date,2016-03-02,19.935135135135134,23.8854417821765
date,2016-03-03,20.247753530166882,24.068534073812103
date,2016-03-04,21.705583756345177,24.28314128394713
date,2016-03-05,20.527298850574713,24.462034840001962
date,2016-03-06,21.628205128205128,24.640723007358687
date,2016-03-07,21.208791208791208,24.817369024231333
date,2016-03-08,21.193548387096776,24.981286597108973
date,2016-03-09,22.212598425196852,25.154440590253596
date,2016-03-10,20.514285714285716,25.31855522915577
date,2016-03-11,21.031152647975077,25.47920758148957
date,2016-03-12,21.778645833333332,25.66129268536115
date,2016-03-13,20.715686274509803,25.791104383411476
date,2016-03-14,21.630727762803236,26.02402513201986
date,2016-03-15,22.021526418786692,26.184040211046153
date,2016-03-16,22.43766578249337,26.36889003934621
date,2016-03-17,22.815891472868216,26.563369254050734
date,2016-03-18,23.844875346260388,26.703646890141858
date,2016-03-19,22.298295454545453,26.86136965604451
date,2016-03-20,22.204597701149424,27.027980967952296
date,2016-03-21,24.330739299610894,27.244909793692752
date,2016-03-22,22.27659574468085,27.417514959607544
date,2016-03-23,28.51145038167939,27.612571508706864
date,2016-03-24,22.465346534653467,27.832052137465816
date,2016-03-25,22.730337078651687,28.02780602867121
date,2016-03-26,24.15273132664437,28.22669372799
date,2016-03-27,23.325,28.403237637338442
date,2016-03-28,22.830303030303032,28.576871997941645
date,2016-03-29,24.042628774422734,28.750164607847097
date,2016-03-30,23.03723404255319,28.942919716038286
date,2016-03-31,23.71383647798742,29.11604494988296
date,2016-04-01,25.865384615384617,29.36620838418237
date,2016-04-02,24.756168359941945,29.530736357144786
date,2016-04-03,26.058641975308642,29.738654379038255
date,2016-04-04,25.09657320872274,29.929700419651425
date,2016-04-05,25.5,30.122286555580335
date,2016-04-06,21.76243093922652,30.30452874173531
date,2016-04-07,25.479418886198548,30.50532578403617
date,2016-04-08,24.0,30.68186969338461
date,2016-04-09,25.073954983922828,30.87358122127751
date,2016-04-10,11.094017094017094,31.020502603326374
date,2016-10-12,26.66532258064516,31.250923877200083
date,2016-10-13,26.911917098445596,31.4579429146144
date,2016-10-14,26.14367816091954,31.67688726680091
date,2016-10-15,27.468033775633295,31.862947129361007
date,2016-10-16,25.625,32.07412405441895
date,2016-10-17,29.04850746268657,32.29255033660576
date,2016-10-18,27.654901960784315,32.47717141827733
date,2016-10-19,26.689922480620154,32.65724476522596
date,2016-10-20,27.100141043723553,32.818442158514195
date,2016-10-21,29.0,32.99555076196059
date,2016-10-22,27.80516129032258,33.190977975704534
date,2016-10-23,27.59288537549407,33.37828272662549
date,2016-10-24,28.422764227642276,33.50292861897677
date,2016-10-25,27.14950634696756,33.688371148653886
date,2016-10-26,29.523809523809526,33.876419172395956
date,2016-10-27,27.811287477954146,34.03455977624005
date,2016-10-28,28.58445040214477,34.193989862289165
date,2016-10-29,28.163779527559054,34.33226917794128
date,2016-10-30,28.856850715746422,34.511834342438405
date,2016-11-01,29.591946308724832,34.665242331487214
date,2016-11-02,28.900552486187845,34.86545205712226
date,2016-11-03,29.450134770889488,35.031376783953505
date,2016-11-04,28.403314917127073,35.27265517125728
date,2016-11-05,30.22552664188352,35.44594062326889
date,2016-11-06,28.509283819628646,35.636952112512276
date,2016-11-07,27.236559139784948,35.769335066607745
date,2016-11-08,30.408874801901742,35.95634879992372
date,2016-11-09,29.204419889502763,36.07698799357561
date,2016-11-10,30.338658146964857,36.24991018492497
date,2016-11-11,28.12534059945504,36.40055356089273
date,2016-11-12,32.31195335276968,36.59830874552425
date,2016-11-13,29.384615384615383,36.7535826012963
date,2016-11-14,32.58620689655172,36.87373498969134
date,2016-11-15,30.530663329161452,37.03945205103218
date,2016-11-16,34.166666666666664,37.169677821484576
date,2016-11-17,28.70846394984326,37.32988100601129
date,2016-11-18,33.69255663430421,37.46970883405937
date,2016-11-19,29.42995839112344,37.619202180175286
date,2016-11-20,31.741100323624597,37.76053353325614
date,2016-11-21,30.0913140311804,37.90953319886495
date,2016-11-22,32.83384615384615,38.08822136622167
date,2016-11-23,31.336,38.26786253713763
date,2016-11-24,34.45985401459854,38.379770893044245
date,2016-11-25,31.544668587896254,38.55181618616783
date,2016-11-26,32.38028169014085,38.687594026011425
date,2016-11-27,33.34508816120907,38.82217277170326
date,2016-11-28,32.89430894308943,38.99214444309136
date,2016-11-29,32.303664921465966,39.160588445879725
date,2016-11-30,32.54696132596685,39.33513025797182
date,2016-12-01,33.1644908616188,39.52132986003988
date,2016-12-02,36.447154471544714,39.63464430763195
date,2016-12-03,32.86876640419948,39.785239505895056
date,2016-12-04,33.32935560859188,39.985933185031264
date,2016-12-05,35.426415094339625,40.250661390707684
date,2016-12-06,33.65679442508711,40.42063306209578
date,2016-12-07,35.02459016393443,40.62817497450929
date,2016-12-08,33.9953125,40.79804041360277
date,2016-12-09,35.25401069518717,40.94462204393711
date,2016-12-10,34.37194127243067,41.16895877085022
date,2016-12-11,34.160714285714285,41.30354216039112
date,2016-12-12,34.38028169014085,41.45731465370796
date,2016-12-13,35.10886469673406,41.68057759873812
date,2016-12-14,37.316205533596836,41.92113566119543
date,2016-12-15,34.990328820116055,42.111644206354086
date,2016-12-16,35.893271461716935,42.279801794938514
date,2016-12-17,35.20524691358025,42.43609879070671
date,2016-12-18,35.95628415300546,42.599847455546715
date,2016-12-19,35.125984251968504,42.73702931631271
date,2016-12-20,35.8563829787234,42.905690035979994
date,2016-12-21,37.1044776119403,43.05130755743786
date,2016-12-22,34.5933014354067,43.21432132414925
date,2016-12-23,34.94473007712082,43.37734556732381
date,2016-12-27,37.87301587301587,43.59267899058924
date,2016-12-28,34.185534591194966,43.775300545277716
date,2016-12-29,35.606770833333336,43.97492873224655
date,2016-12-30,37.532751091703055,44.10477026520794
date,2016-12-31,36.86158192090395,44.294411916269866
date,2017-01-01,39.15,44.490571815545906
date,2017-01-02,34.854838709677416,44.60047464536101
date,2017-01-03,36.74704491725768,44.781697396651865
date,2017-01-04,35.969465648854964,44.93419615322043
date,2017-01-05,37.70616113744076,45.14227047890549
date,2017-01-06,35.362924281984334,45.29268579262822
date,2017-01-07,37.635778635778635,45.48103277984206
date,2017-01-08,39.22849462365591,45.68834948153874
date,2017-01-09,37.06719367588933,45.849945737235245
date,2017-01-10,38.02810304449649,46.04252722345905
date,2017-01-11,41.87083333333333,46.2593355331852
date,2017-01-12,38.05789473684211,46.459027397406665
date,2017-01-13,39.88444444444445,46.64486309145766
date,2017-01-14,40.659354838709675,46.846285005009705
date,2017-01-15,41.31380753138075,46.97652550188644
date,2017-01-16,39.217777777777776,47.134485841829786
date,2017-01-17,40.115716753022454,47.36477446096896
date,2017-01-18,38.46491228070175,47.59027683825306
date,2017-01-19,40.83139534883721,47.760446151119524
date,2017-01-20,38.96992481203007,47.9048297730639
date,2017-01-21,40.128798842257595,48.12132432257337
date,2017-01-22,42.91688311688312,48.310780192482504
date,2017-01-23,39.59162303664922,48.49199431822594
date,2017-01-24,42.092532467532465,48.677528330955425
date,2017-01-25,39.225806451612904,48.78243557759711
date,2017-01-26,41.59610705596107,48.94238539942324
date,2017-01-31,42.802455357142854,49.16430972156002
date,2017-02-01,44.06417112299465,49.33822013043127
date,2017-02-02,42.448412698412696,49.50506666130047
date,2017-02-03,44.67088607594937,49.690314267712054
date,2017-02-04,43.15260545905707,49.8678496081826
date,2017-02-05,46.48947368421052,50.009671585221525
date,2017-02-06,40.87567567567567,50.220620210901025
date,2017-02-07,44.16204379562044,50.394925953131334
date,2017-02-08,47.39344262295082,50.66910976402624
date,2017-02-09,43.88326300984529,50.87232671497511
date,2017-02-10,44.016806722689076,51.00897060765966
date,2017-02-11,43.547305389221556,51.19814466747205
date,2017-02-12,43.416666666666664,51.399216890201956
date,2017-02-13,48.86029411764706,51.59393443727744
date,2017-02-14,41.630289532293986,51.75638546158705
date,2017-02-15,45.00411522633745,51.93610310809727
date,2017-02-16,42.88180112570357,52.12176447222889
date,2017-02-17,45.505319148936174,52.22802690366762
date,2017-02-18,44.68162083936324,52.40081913728232
date,2017-02-19,45.13737075332349,52.568949658118704
date,2017-02-20,45.153284671532845,52.71816079932753
date,2017-02-21,45.683098591549296,52.89074588491186
date,2017-02-22,47.14207650273224,53.10399996005234
date,2017-02-23,45.526992287917736,53.26164977762773
date,2017-02-24,46.67790262172284,53.43391320188848
date,2017-02-25,45.3979797979798,53.63945874227821
date,2017-02-26,48.74782608695652,53.83337424911403
date,2017-02-27,46.21608040201005,54.080843891945754
date,2017-02-28,46.9537037037037,54.24185233057459
date,2017-03-01,41.952,54.420254596863536
date,2017-03-02,48.47131782945736,54.53982329923743
date,2017-03-03,44.05898123324397,54.694271195097514
date,2017-03-04,46.90499194847021,54.85137866591357
date,2017-03-05,45.808126410835214,55.003445119849204
date,2017-03-06,50.10526315789474,55.136991013347384
date,2017-03-07,46.104424778761064,55.30967019808503
date,2017-03-08,46.432291666666664,55.580680585242725
date,2017-03-09,46.800632911392405,55.73578870013497
date,2017-03-10,49.74203821656051,55.96956290125007
date,2017-03-11,46.407624633431084,56.15076632726753
date,2017-03-12,50.78360655737705,56.33050904774308
date,2017-03-13,46.34738955823293,56.537615092317985
date,2017-03-14,49.12645914396887,56.72742781484089
date,2017-03-15,48.20164609053498,56.8612601047953
date,2017-03-16,48.284750337381915,57.03744036804877
date,2017-03-17,47.121212121212125,57.22397998518329
date,2017-03-18,49.573692551505545,57.36681724606242
date,2017-03-19,50.289293849658314,57.56365915433967
date,2017-03-20,47.146496815286625,57.6657504193836
date,2017-03-21,49.76555716353111,57.86207466924933
date,2017-03-22,50.888888888888886,58.061184341446825
date,2017-03-23,48.88961892247043,58.22418739766106
date,2017-03-24,44.76548672566372,58.3948108778185
date,2017-03-25,52.0554821664465,58.562357590090365
date,2017-03-26,45.483552631578945,58.73963506138901
date,2017-03-27,46.66935483870968,58.92197384721862
date,2017-03-28,50.969208211143695,59.08887173960312
date,2017-03-29,49.95669291338583,59.277268161721736
date,2017-03-30,51.32142857142857,59.47554821028507
date,2017-03-31,50.66744186046512,59.638694662620544
date,2017-04-01,49.00978473581213,59.77961703335392
date,2017-04-02,49.61504424778761,59.954351922671776
date,2017-04-03,50.73267326732673,60.13604771264738
date,2017-04-04,48.582597730138716,60.306533800191005
date,2017-04-05,51.80597014925373,60.39321089629688
date,2017-04-06,47.60699865410498,60.60580893121389
date,2017-04-07,42.583333333333336,60.75292885567092
date,2017-04-08,46.732807215332585,60.914775612891205
date,2017-04-09,44.31382113821138,61.08550271392993
date,2017-10-04,51.39574468085107,61.304946990947585
date,2017-10-05,49.02574257425743,61.53494166180277
date,2017-10-06,49.31666666666667,61.70270999670991
date,2017-10-07,50.50867678958785,61.9017476842103
date,2017-10-08,54.361111111111114,61.97272659513255
date,2017-10-09,49.559701492537314,62.15994912272123
date,2017-10-10,50.29977628635347,62.339756589560274
date,2017-10-11,50.94117647058823,62.56481711868777
date,2017-10-12,49.530660377358494,62.77629287901703
date,2017-10-13,51.303125,62.978098828025516
date,2017-10-14,51.55278766310795,63.17319323992958
date,2017-10-15,43.864583333333336,63.299019491109945
date,2017-10-16,51.32727272727273,63.4172785691424
date,2017-10-17,51.258823529411764,63.63590879743768
date,2017-10-18,51.80225988700565,63.856391824277836
date,2017-10-19,53.78927911275416,64.03930773385667
date,2017-10-20,49.36088154269972,64.24536521830716
date,2017-10-21,52.72936400541272,64.46917275241456
date,2017-10-22,51.25,64.5925792679953
date,2017-10-23,57.97520661157025,64.73080416439687
date,2017-10-24,50.834522111269614,64.89185292921282
date,2017-10-25,53.76315789473684,65.12007220260877
date,2017-10-26,52.72525849335303,65.34653372047003
date,2017-10-27,51.60162601626016,65.50517394709892
date,2017-10-28,51.581944444444446,65.7006885835484
date,2017-10-29,51.01704545454545,65.88282868141088
date,2017-10-30,51.89959016393443,66.11226721761113
date,2017-10-31,53.243781094527364,66.32953780518318
date,2017-11-01,50.22185430463576,66.44953105134192
date,2017-11-02,53.775956284153004,66.65389954001822
date,2017-11-03,47.02307692307692,66.92907931774756
date,2017-11-04,52.3575,67.14162889281839
date,2017-11-05,55.074074074074076,67.33472976832405
date,2017-11-06,52.34126984126984,67.52523593616733
date,2017-11-07,52.65896980461812,67.67294725603914
date,2017-11-08,57.03351955307262,67.86760755008697
date,2017-11-09,52.866359447004605,68.03246179480962
date,2017-11-10,53.78604651162791,68.21829748886061
date,2017-11-11,56.25991792065663,68.36383912339438
date,2017-11-12,51.44736842105263,68.52685289010579
date,2017-11-13,59.18487394957983,68.79623656425534
date,2017-11-14,53.216161616161614,68.98770364297454
date,2017-11-15,55.637362637362635,69.23276170106377
date,2017-11-16,55.1265306122449,69.41354064153514
date,2017-11-17,60.108333333333334,69.49871533464184
date,2017-11-18,56.80641025641026,69.69944170930589
date,2017-11-19,56.0,69.85811680191865
date,2017-11-20,56.28932584269663,70.04604053747585
date,2017-11-21,53.85245901639344,70.284682002514
date,2017-11-22,55.639219934994586,70.46236347597012
date,2017-11-24,57.60492379835873,70.64972419916339
date,2017-11-25,56.397014925373135,70.79464830385241
date,2017-11-26,59.74603174603175,71.01588127296074
date,2017-11-27,52.07260726072607,71.2366761569817
date,2017-11-28,58.52302631578947,71.40096346874553
date,2017-11-29,54.78813559322034,71.55057695124421
date,2017-11-30,56.95662100456621,71.7531718003523
date,2017-12-01,58.33197556008147,71.95566079488853
date,2017-12-02,58.43496503496503,72.14344581440159
date,2017-12-03,54.969348659003835,72.29474882201016
date,2017-12-04,60.25,72.53779782001666
date,2017-12-05,57.79440789473684,72.74793275366808
date,2017-12-06,60.78600823045267,72.88558882333548
date,2017-12-07,59.51247600767754,73.09692788038964
date,2017-12-08,57.66875,73.31470408435564
date,2017-12-09,60.00824175824176,73.51891913276333
date,2017-12-10,59.46694214876033,73.67058256075948
date,2017-12-11,58.997206703910614,73.79256967836278
date,2017-12-12,59.76524953789279,73.95916914530315
date,2017-12-13,64.00813008130082,74.14613798383006
date,2017-12-14,58.504950495049506,74.29662021133245
date,2017-12-15,61.80808080808081,74.53282551269355
date,2017-12-16,62.048048048048045,74.67303938095276
date,2017-12-17,60.83665338645418,74.86183660000853
date,2017-12-18,55.61347517730496,75.10401609491542
date,2017-12-19,62.67619047619048,75.38203219276154
date,2017-12-20,63.04347826086956,75.54651409588121
date,2017-12-21,61.38030560271647,75.72951019528625
date,2017-12-22,60.8155737704918,75.89516291436858
date,2017-12-23,61.8046614872364,76.03335371904579
date,2017-12-27,62.74183976261128,76.18637865999283
date,2017-12-28,60.90070921985816,76.40714092065625
date,2017-12-29,62.833078101071976,76.58927697608142
date,2017-12-30,63.821621621621624,76.73744327268963
date,2017-12-31,59.873684210526314,76.9359940405441
date,2018-01-01,71.32835820895522,77.1440190711982
date,2018-01-02,61.8921568627451,77.31189585363921
date,2018-01-03,67.94117647058823,77.48611681681203
date,2018-01-04,63.054794520547944,77.64522271925294
date,2018-01-05,64.57741935483871,77.90449348595311
date,2018-01-06,65.02037037037037,78.10151373566458
date,2018-01-07,62.14453781512605,78.29125354093513
date,2018-01-08,62.0188679245283,78.47533606806111
date,2018-01-09,66.65,78.69878136686052
date,2018-01-10,69.7890625,78.86211351983502
date,2018-01-11,65.16374269005848,78.99795832542785
date,2018-01-12,63.413907284768214,79.18410169446899
date,2018-01-13,63.35514018691589,79.3907787747687
date,2018-01-14,64.8828125,79.57044414304066
date,2018-01-15,58.633484162895925,79.77646108893428
date,2018-01-16,63.99728997289973,79.91621557429785
date,2018-01-17,60.48760330578512,80.1043550166222
date,2018-01-18,64.6529605263158,80.28468899604668
date,2018-01-19,61.166666666666664,80.46132969481911
date,2018-01-20,64.37516005121638,80.63562501606413
date,2018-01-21,66.01633986928104,80.81022554560549
date,2018-01-22,63.79083094555874,80.92870245656924
date,2018-01-23,64.11904761904762,81.15514090730363
date,2018-01-24,63.23076923076923,81.28617889669856
date,2018-01-25,65.32733408323959,81.4727462273403
date,2018-01-30,66.72383720930233,81.61657981321552
date,2018-01-31,71.61935483870968,81.76944465832199
date,2018-02-01,65.16481994459834,81.9380352117893
date,2018-02-02,73.76371308016877,82.15366734623665
date,2018-02-03,66.15947712418301,82.3231057731655
date,2018-02-04,69.01554404145078,82.48679524460937
date,2018-02-05,70.12033195020747,82.7065594471178
date,2018-02-06,66.53703703703704,82.90372308856851
date,2018-02-07,67.42553191489361,83.05693868738715
date,2018-02-08,66.98515769944342,83.28190675857132
date,2018-02-09,69.11184210526316,83.48873047508641
date,2018-02-10,69.09005628517824,83.68397998478352
date,2018-02-11,66.89373814041745,83.86646569953
date,2018-02-12,66.93888888888888,84.11940872754384
date,2018-02-13,71.61637931034483,84.33635053992377
date,2018-02-14,64.29775280898876,84.51644411983274
date,2018-02-15,69.36676646706587,84.70631367251208
date,2018-02-16,71.8254716981132,84.80492931204385
date,2018-02-17,68.45175438596492,85.02092255293645
date,2018-02-18,68.43103448275862,85.26466025510923
date,2018-02-19,72.26966292134831,85.4108231605426
date,2018-02-20,67.72310756972112,85.57000512955044
date,2018-02-21,69.37373737373737,85.7741428237731
date,2018-02-22,68.85326953748006,85.94308436381947
date,2018-02-23,69.88102893890675,86.14027336393788
date,2018-02-24,69.5081001472754,86.34759374426723
date,2018-02-25,67.92,86.53475683613287
date,2018-02-26,66.5728813559322,86.66389689471067
date,2018-02-27,74.14766355140186,86.87578432157255
date,2018-02-28,60.3205574912892,87.05223110425163
date,2018-03-01,75.46895074946467,87.30193538266062
date,2018-03-02,68.96146788990826,87.51078742413993
date,2018-03-03,71.02608695652174,87.687533328808
date,2018-03-04,73.11807228915663,87.90247581831275
date,2018-03-05,69.48524590163935,88.11877638024096
date,2018-03-06,71.6067415730337,88.31975037521184
date,2018-03-07,66.734375,88.50365028078313
date,2018-03-08,69.65106382978723,88.67037521197072
date,2018-03-09,74.43589743589743,88.84707795524571
date,2018-03-10,69.53765060240964,89.01989955325247
date,2018-03-11,68.35772357723577,89.1199939819588
date,2018-03-12,69.5126582278481,89.33366582427482
date,2018-03-13,72.645,89.54040803390653
date,2018-03-14,69.92,89.78628295218938
date,2018-03-15,71.65680473372781,89.99521065556031
date,2018-03-16,75.25364431486881,90.2525632930945
date,2018-03-17,70.32941176470588,90.41887843104769
date,2018-03-18,73.31777777777778,90.62123285345878
date,2018-03-19,71.6930693069307,90.80522859014292
date,2018-03-20,72.79019908116386,91.0371674732234
date,2018-03-21,63.373493975903614,91.19016473137785
date,2018-03-22,72.45516074450084,91.42285240244
date,2018-03-23,66.81372549019608,91.57771548081583
date,2018-03-24,72.89914772727273,91.76315521813234
date,2018-03-25,74.91638795986623,92.0055496016771
date,2018-03-26,69.32122370936902,92.17521794567203
date,2018-03-27,76.4515503875969,92.38050156119348
date,2018-03-28,70.57563025210084,92.53080984314649
date,2018-03-29,73.94047619047619,92.73703057506532
date,2018-03-30,73.20338983050847,92.95357640499763
date,2018-03-31,73.54417952314165,93.15557172461827
date,2018-04-01,72.5952380952381,93.27566962213422
date,2018-04-02,73.14080459770115,93.47058349664172
date,2018-04-03,70.17472118959108,93.66919971240254
date,2018-04-04,69.47058823529412,93.84137101718508
date,2018-04-05,72.91771269177127,94.0396475945198
date,2018-04-06,70.97345132743362,94.26371939376271
date,2018-04-07,71.02944507361268,94.4536590470821
date,2018-04-08,52.6140350877193,94.69817969714919
date,2018-10-03,69.2073732718894,94.92512190416997
date,2018-10-04,79.43087971274686,95.09277439296821
date,2018-10-05,80.00980392156863,95.2339730820756
date,2018-10-06,75.98838896952104,95.41333554440347
date,2018-10-07,77.75308641975309,95.74887221421776
date,2018-10-08,73.32589285714286,95.94175970915909
date,2018-10-09,75.56957928802589,96.15225321374758
date,2018-10-10,70.66666666666667,96.3963594220349
date,2018-10-11,78.60725075528701,96.59216062535903
date,2018-10-13,76.87231352718078,96.78011075840679
date,2018-10-14,78.33986928104575,96.94408342962826
date,2018-10-15,77.26872246696036,97.16102818259527
date,2018-10-16,73.3242105263158,97.34979812444708
date,2018-10-17,79.47963800904978,97.53058850553741
date,2018-10-18,75.81893004115226,97.71890965640183
date,2018-10-19,85.00602409638554,97.97639284695441
date,2018-10-20,75.66260162601625,98.16462073489902
date,2018-10-21,77.9874213836478,98.37207882102513
date,2018-10-22,77.02790697674419,98.5600753952395
date,2018-10-23,77.49668874172185,98.76314088873892
date,2018-10-24,75.48,98.89529071561961
date,2018-10-25,76.23037542662117,99.1045937157453
date,2018-10-26,80.47488584474885,99.28067091444659
date,2018-10-27,78.02100161550888,99.49382655705757
date,2018-10-28,76.53779069767442,99.67209917053673
date,2018-10-29,77.22321428571429,99.82557954285562
date,2018-10-30,78.12974683544304,100.024794230703
date,2018-10-31,53.35,100.18740046299762
date,2018-11-01,78.8393351800554,100.3933125893699
date,2018-11-02,70.88095238095238,100.67815003709686
date,2018-11-03,80.3288490284006,100.86148569938932
date,2018-11-04,78.84049079754601,101.03820062318015
date,2018-11-05,76.36585365853658,101.22274129497295
date,2018-11-06,75.40926640926641,101.41916029592453
date,2018-11-07,77.88622754491018,101.56660478371947
date,2018-11-08,76.40761904761905,101.82588982351442
date,2018-11-09,81.09493670886076,102.00084589623648
date,2018-11-10,76.4297124600639,102.2049386113484
date,2018-11-11,81.66917293233082,102.36213045782009
date,2018-11-12,72.17543859649123,102.45382570159525
date,2018-11-13,79.08251473477407,102.6555432280455
date,2018-11-14,77.73059360730593,102.80192065829114
date,2018-11-15,78.60834990059642,103.0143570878723
date,2018-11-16,75.59076923076923,103.11442246159206
date,2018-11-17,79.86341463414634,103.30176901494428
date,2018-11-18,74.42456140350878,103.5136869116691
date,2018-11-19,79.91634241245136,103.73965443848208
date,2018-11-20,91.56603773584905,103.92373696560804
date,2018-11-21,78.91836734693878,104.15069828838078
date,2018-11-23,81.96915776986951,104.32540147644177
date,2018-11-24,80.25901639344262,104.53332419970374
date,2018-11-25,79.39910313901345,104.72290994139252
date,2018-11-26,82.05223880597015,104.96213872664474
date,2018-11-27,79.60526315789474,105.14960455836284
date,2018-11-28,85.81090909090909,105.37598622202496
date,2018-11-29,80.00223713646533,105.56202978597982
date,2018-11-30,82.79779411764706,105.71233806793282
date,2018-12-01,83.22666666666667,105.91606905104058
date,2018-12-02,79.67721518987342,106.08514424736862
date,2018-12-03,74.39393939393939,106.21466609473748
date,2018-12-04,81.69557522123894,106.44079359856059
date,2018-12-05,85.2375,106.61791824445294
date,2018-12-06,82.27375201288245,106.82963926464791
date,2018-12-07,84.23214285714286,106.99556399147916
date,2018-12-08,82.47048300536673,107.19586096046972
date,2018-12-09,73.02884615384616,107.37566592887241
date,2018-12-10,88.55813953488372,107.54637546177972
date,2018-12-11,78.49825783972125,107.7543884120023
date,2018-12-12,80.52340425531915,108.005464296518
date,2018-12-13,82.46436781609195,108.21159239394238
date,2018-12-14,80.64718614718615,108.46601030841695
date,2018-12-15,80.49288256227759,108.6528380079522
date,2018-12-16,84.79896907216495,108.88513262551594
date,2018-12-17,79.50662251655629,109.02358637108372
date,2018-12-18,83.10437710437711,109.19096363761113
date,2018-12-19,86.375,109.26065202288027
date,2018-12-20,86.31689088191331,109.40926502185975
date,2018-12-21,83.7515923566879,109.55722337699589
date,2018-12-22,85.4624203821656,109.73240606947708
date,2018-12-23,83.8551724137931,109.93960218813163
date,2018-12-27,86.21892655367232,110.12465044280106
date,2018-12-28,89.56441717791411,110.36977114354316
date,2018-12-29,85.03775883069427,110.57065930245943
date,2018-12-30,78.06666666666666,110.81844022786075
date,2018-12-31,87.94908062234795,111.0155785171652
date,2019-01-01,78.56179775280899,111.15652131883309
date,2019-01-02,86.27134146341463,111.39873095056114
date,2019-01-03,86.65962441314554,111.61357620718113
date,2019-01-04,84.4030226700252,111.7774112019364
date,2019-01-05,90.37474541751527,111.94867525806282
date,2019-01-06,84.7636815920398,112.13936486949575
date,2019-01-07,93.53571428571429,112.25717142554593
date,2019-01-08,89.65897858319605,112.45923330046135
date,2019-01-09,85.675,112.65378004267097
date,2019-01-10,87.5660091047041,112.83002785569353
date,2019-01-11,91.33488372093024,113.0590811530122
date,2019-01-12,90.25816023738872,113.23071723542577
date,2019-01-13,89.7165109034268,113.49412920051361
date,2019-01-14,90.61094224924013,113.73560263275313
date,2019-01-15,92.57829181494662,113.91085693497203
date,2019-01-16,87.8576923076923,114.10384015571731
date,2019-01-17,90.17694369973191,114.27448016969174
date,2019-01-18,93.43307086614173,114.47202204919476
date,2019-01-19,91.05766062602966,114.6870954842373
date,2019-01-20,84.15129151291512,114.92710468319613
date,2019-01-21,92.2304347826087,115.13919976879781
date,2019-01-22,95.74045801526718,115.33957604196348
date,2019-01-23,84.95264623955431,115.53369410677996
date,2019-01-28,90.29523809523809,115.75492707588829
date,2019-01-29,89.53896103896103,115.91783498950443
date,2019-01-30,97.31683168316832,116.03743221834912
date,2019-01-31,88.2051282051282,116.26377056366763
date,2019-02-01,97.4841628959276,116.4540209065592
date,2019-02-02,90.85852981969487,116.63444391049221
date,2019-02-03,91.4578313253012,116.82195884274246
date,2019-02-04,85.61711711711712,117.02495504007294
date,2019-02-05,89.3188622754491,117.20439219974793
date,2019-02-06,98.00990099009901,117.44358665743732
date,2019-02-07,92.37823834196891,117.63977330335902
date,2019-02-08,95.66101694915254,117.72639163533194
date,2019-02-09,94.01049868766404,117.95746685857776
date,2019-02-10,97.82823529411765,118.13346419235546
date,2019-02-11,92.33557046979865,118.36731783419815
date,2019-02-12,97.42791411042944,118.5931994101727
date,2019-02-13,77.12605042016807,118.67518574578344
date,2019-02-14,95.59663865546219,118.84384335046838
date,2019-02-15,83.50210970464136,119.05751519278438
date,2019-02-16,94.1822358346095,119.24178565510907
date,2019-02-17,92.65882352941176,119.4617823223312
date,2019-02-18,96.82636655948554,119.71573785278675
date,2019-02-19,93.41747572815534,119.87270586620845
date,2019-02-20,95.32227488151659,120.0796792695354
date,2019-02-21,92.5211038961039,120.23504515011373
date,2019-02-22,91.4055944055944,120.41698219324057
date,2019-02-23,92.29783693843594,120.5901402442698
date,2019-02-24,91.87539936102236,120.78903787208795
date,2019-02-25,86.77551020408163,120.96376676809798
date,2019-02-26,97.65625,121.17695820987522
date,2019-02-27,87.92831541218638,121.36845556485608
date,2019-02-28,95.5761421319797,121.61490010836278
date,2019-03-01,96.09598214285714,121.82438007598721
date,2019-03-02,90.92072072072072,122.0118899654801
date,2019-03-03,98.3937360178971,122.18338263616474
date,2019-03-04,101.23423423423424,122.44706841826411
date,2019-03-05,92.70377019748653,122.62222773491898
date,2019-03-06,97.58222222222223,122.83903604464513
date,2019-03-07,94.00325732899023,122.98885472307386
date,2019-03-08,87.06302521008404,123.2211493406376
date,2019-03-09,95.20270270270271,123.40740358354907
date,2019-03-10,99.35164835164835,123.6286365526574
date,2019-03-11,96.6485788113695,123.77749718613492
date,2019-03-12,96.02702702702703,123.99304984927966
date,2019-03-13,84.63855421686748,124.27572161282107
date,2019-03-14,93.52575488454707,124.45314023724809
date,2019-03-15,94.00898203592814,124.65483316866569
date,2019-03-16,99.70814814814815,124.83585090027832
date,2019-03-17,90.4964200477327,124.9988452142729
date,2019-03-18,97.67727272727272,125.19946329307795
date,2019-03-19,98.45517241379311,125.37568679605734
date,2019-03-20,96.29047619047618,125.62346772145867
date,2019-03-21,98.85481481481482,125.79760264958794
date,2019-03-22,95.22641509433963,125.95100475552626
date,2019-03-23,95.29962546816479,126.14298857178993
date,2019-03-24,99.42957746478874,126.2378694719216
date,2019-03-25,98.25656565656566,126.41619665308166
date,2019-03-26,96.75641025641026,126.61394489162309
date,2019-03-27,102.13716814159292,126.83390528170557
date,2019-03-28,97.31162790697674,127.05647593853408
date,2019-03-29,93.43611111111112,127.22037269648182
date,2019-03-30,102.75497702909648,127.4217184140026
date,2019-03-31,97.42283950617283,127.5966563358716
date,2019-04-01,99.46896551724137,127.79530828468472
date,2019-04-02,101.84657039711192,127.98818829204812
date,2019-04-03,91.88343558282209,128.17915441937046
date,2019-04-04,100.23641703377386,128.33606414635918
date,2019-04-05,94.62745098039215,128.54254825086028
date,2019-04-06,98.5615292712067,128.7429266425939
